genre,factor
pop,0.9571359394553929
latin,0.8290508805151368
r&b,0.7347911921114277
edm,0.6995176510535052
rap,0.48624846612695677
rock,0.442054297573249
